{
    "$schema": "https://schema.management.azure.com/schemas/2019-04-01/deploymentTemplate.json#",
    "contentVersion": "1.0.0.0",
    "parameters": {
        "staticSites_PokemonSearchApp_name": {
            "defaultValue": "PokemonSearchApp",
            "type": "String"
        }
    },
    "variables": {},
    "resources": [
        {
            "type": "Microsoft.Web/staticSites",
            "apiVersion": "2023-12-01",
            "name": "[parameters('staticSites_PokemonSearchApp_name')]",
            "location": "Central US",
            "sku": {
                "name": "Standard",
                "tier": "Standard"
            },
            "properties": {
                "repositoryUrl": "[concat('https://github.com/mariuszbyahoo/', parameters('staticSites_PokemonSearchApp_name'))]",
                "branch": "master",
                "stagingEnvironmentPolicy": "Enabled",
                "allowConfigFileUpdates": true,
                "provider": "GitHub",
                "enterpriseGradeCdnStatus": "Disabled"
            }
        },
        {
            "type": "Microsoft.Web/staticSites/basicAuth",
            "apiVersion": "2023-12-01",
            "name": "[concat(parameters('staticSites_PokemonSearchApp_name'), '/default')]",
            "location": "Central US",
            "dependsOn": [
                "[resourceId('Microsoft.Web/staticSites', parameters('staticSites_PokemonSearchApp_name'))]"
            ],
            "properties": {
                "applicableEnvironmentsMode": "SpecifiedEnvironments"
            }
        }
    ]
}